{"cameraMode":{"drawMode":0,"name":"Shaded","section":"Shading Mode"},"sceneLighting":true,"audioPlay":false,"sceneViewState":{"showFog":true,"showMaterialUpdate":false,"showSkybox":true,"showFlares":true,"showImageEffects":true,"showParticleSystems":true},"in2DMode":false,"pivot":{"x":0.0,"y":0.8500000238418579,"z":-0.2099999487400055},"rotation":{"x":0.26155388355255129,"y":-0.5129299163818359,"z":0.16764776408672334,"w":0.8002421259880066},"size":2.5874435901641847,"orthographic":false}