{"cameraMode":{"drawMode":0,"name":"Shaded","section":"Shading Mode"},"sceneLighting":true,"audioPlay":false,"sceneViewState":{"showFog":true,"showMaterialUpdate":false,"showSkybox":false,"showFlares":true,"showImageEffects":true,"showParticleSystems":true},"in2DMode":false,"pivot":{"x":0.06319442391395569,"y":1.8140000104904175,"z":1.8180441856384278},"rotation":{"x":0.26155388355255129,"y":-0.5129299163818359,"z":0.16764776408672334,"w":0.8002421259880066},"size":0.3473111093044281,"orthographic":false}